{
  "64": [
    [
      40.18418042628632,
      37.027632793437604,
      32.23819036452849,
      16.877204012147537
    ],
    [
      39.789921469555225,
      36.60381749701003,
      32.26940876948234,
      16.920667045776675
    ],
    [
      39.59721953240701,
      36.45473422282443,
      31.946492806463937,
      16.56200638639626
    ],
    [
      39.819068776297456,
      37.329865589252535,
      32.31262406699364,
      16.416365770496114
    ],
    [
      40.42293501105712,
      37.39820876947773,
      32.37473636000553,
      16.559356174548885
    ],
    [
      40.06551592786711,
      37.3826683308648,
      32.16027421165711,
      16.659540306232532
    ],
    [
      40.12979413882262,
      36.88339907834576,
      32.008537522449444,
      16.86464588037755
    ],
    [
      40.380588197514754,
      37.39223842950186,
      32.357970989941975,
      16.613327508005767
    ],
    [
      39.80514765485,
      36.61648530281688,
      32.40871744829272,
      16.87531266446463
    ],
    [
      39.78095379891374,
      36.80403491888066,
      32.40061590071246,
      16.662380320469463
    ]
  ],
  "128": [
    [
      39.794971090923056,
      37.00247567947457,
      32.24274168319832,
      16.514021053790085
    ],
    [
      40.49576278712526,
      37.42692892332809,
      32.52027764701773,
      16.829513999810125
    ],
    [
      40.11015661849865,
      37.17231317603424,
      32.54246008511572,
      17.059267098828055
    ],
    [
      39.71546689771924,
      37.0351751744474,
      32.51855753847051,
      17.150594325742823
    ],
    [
      40.399441441221114,
      37.40945352224278,
      32.677360188330596,
      16.61535610307464
    ],
    [
      39.828303510143705,
      36.76257945051631,
      32.238736181341814,
      16.90076740896551
    ],
    [
      39.90235704461866,
      36.66508273494111,
      32.09946816019455,
      17.103101748996767
    ],
    [
      39.80656062650267,
      36.91622187934132,
      31.987292959963472,
      16.943177837043883
    ],
    [
      40.01393271796865,
      37.21636407088661,
      32.65976915655189,
      16.9534093882542
    ],
    [
      40.140959683249505,
      37.16249215436211,
      32.32907210625005,
      16.358292609467952
    ]
  ],
  "256": [
    [
      39.53200415502464,
      36.785882186072975,
      32.2255567790069,
      16.8283382795774
    ],
    [
      39.772598981089246,
      36.79953079249515,
      32.060798182284316,
      16.853428117740837
    ],
    [
      39.948873633015126,
      37.09451369168056,
      32.61662809278805,
      17.13453822606367
    ],
    [
      40.08655508888938,
      37.088819026769315,
      32.32758629388732,
      16.993614126453565
    ],
    [
      40.10693296403658,
      37.14245457024666,
      32.367331967126916,
      17.07238157714088
    ],
    [
      39.58547708752089,
      36.95900290876405,
      32.22729295934941,
      16.51577242815491
    ],
    [
      39.804198350402345,
      36.880052065779196,
      32.32039145796382,
      16.810976541015563
    ],
    [
      39.998765705624876,
      36.94275662902016,
      32.257877502316745,
      17.058140050340413
    ],
    [
      39.87336198501353,
      37.01883129933174,
      32.386975970907535,
      16.909495510580534
    ],
    [
      40.08787820067384,
      36.97912906865503,
      32.192796334342034,
      16.75225197721047
    ]
  ],
  "512": [
    [
      39.944548543663295,
      36.97520764193893,
      32.35823344191391,
      16.926454250928046
    ],
    [
      39.942165460114204,
      36.924371782473,
      32.265485907375464,
      16.855517882997205
    ],
    [
      40.06138911198671,
      36.93918536673938,
      32.235591168186915,
      16.690918620725597
    ],
    [
      39.79321163448275,
      36.96718046093336,
      32.13661017130546,
      16.756885224072043
    ],
    [
      39.92440497398209,
      36.924797044445654,
      32.28429415728683,
      16.824679101081266
    ],
    [
      39.910046635194604,
      36.932122385951786,
      32.347118964947086,
      17.188825704574754
    ],
    [
      40.164838203095954,
      37.231158020236116,
      32.39780933672103,
      16.742050640840063
    ],
    [
      40.070390404348416,
      37.12675831267037,
      32.233868292390454,
      16.87416599981492
    ],
    [
      39.80558210940586,
      36.930942304980135,
      32.40104404309141,
      16.914360058532896
    ],
    [
      40.17840443508287,
      37.105203562451685,
      32.4088177308132,
      16.78041293547213
    ]
  ],
  "1024": [
    [
      39.900784497094556,
      36.92152767871873,
      32.14439717951137,
      16.864981497250447
    ],
    [
      39.990729764729245,
      37.01436542209055,
      32.29807999217796,
      16.790959757400874
    ],
    [
      40.11446971847903,
      37.19551297595041,
      32.45200349352837,
      16.791826975617056
    ],
    [
      40.036819849041066,
      37.12222289523484,
      32.276844572740956,
      16.704978438445323
    ],
    [
      39.99495437060312,
      37.12373727601624,
      32.611231329123434,
      16.738418450326833
    ],
    [
      39.93992617806506,
      37.05935122138118,
      32.303644131967914,
      16.83043773214124
    ],
    [
      39.916195476410444,
      36.96170224196016,
      32.2367503694265,
      16.858619407301024
    ],
    [
      39.911724884334966,
      37.008764400193186,
      32.344885071213156,
      16.75177352424461
    ],
    [
      39.91889067933303,
      37.03711623653366,
      32.32557826884272,
      16.85759895589333
    ],
    [
      40.227868586314536,
      37.253578730343065,
      32.540663722117706,
      16.691816553147543
    ]
  ],
  "2048": [
    [
      39.976868870751595,
      36.992699410315964,
      32.348748256771685,
      16.848052128807165
    ],
    [
      39.942329168672885,
      37.066147285006075,
      32.3473188084386,
      16.827415244389847
    ],
    [
      39.96921597401473,
      36.9920828912915,
      32.195631701596824,
      16.797964218107307
    ],
    [
      40.011001617528535,
      37.066200486243474,
      32.34744162907067,
      16.730531543692397
    ],
    [
      40.03076027012102,
      37.04142316067174,
      32.296634824890596,
      16.793989069604685
    ],
    [
      39.97423994666026,
      37.03026582312525,
      32.32308172003442,
      16.815999931658286
    ],
    [
      40.030020882312094,
      37.085132382284954,
      32.29503909805584,
      16.836841019207213
    ],
    [
      40.04771687983538,
      37.10036775164673,
      32.39963980869453,
      16.81696398975307
    ],
    [
      39.95762725424206,
      37.006895282768646,
      32.31561565934434,
      16.928785441496338
    ],
    [
      39.94129402213986,
      36.955057666161935,
      32.32489693680054,
      16.822933578940678
    ]
  ],