{
  "64": [
    [
      0.00013601541286334395,
      0.00025889644166454673,
      0.0008271076949313283,
      0.023841410875320435
    ],
    [
      0.00014727460802532732,
      0.00033401959808543324,
      0.0008711781119927764,
      0.023168152198195457
    ],
    [
      0.00014522095443680882,
      0.0002899405953940004,
      0.0009027104824781418,
      0.02580508030951023
    ],
    [
      0.0001325470075244084,
      0.0002232507977169007,
      0.0008870408055372536,
      0.026239994913339615
    ],
    [
      0.0001185999863082543,
      0.00022246214211918414,
      0.0007264980813488364,
      0.026036549359560013
    ],
    [
      0.00012762023834511638,
      0.00021560747700277716,
      0.0007593577029183507,
      0.025380663573741913
    ],
    [
      0.00013567836140282452,
      0.00026324327336624265,
      0.0008257276494987309,
      0.02421162649989128
    ],
    [
      0.00012737976794596761,
      0.00023456456256099045,
      0.0008247548248618841,
      0.024620486423373222
    ],
    [
      0.00015407153114210814,
      0.0003022060263901949,
      0.0008303893264383078,
      0.02406565472483635
    ],
    [
      0.00014231426757760346,
      0.0002790713624563068,
      0.0007485303212888539,
      0.02530476078391075
    ]
  ],
  "128": [
    [
      0.00014218827709555626,
      0.00024719658540561795,
      0.0007844899082556367,
      0.02645861543715
    ],
    [
      0.00011637998977676034,
      0.00022469220857601613,
      0.0007420579204335809,
      0.023915480822324753
    ],
    [
      0.00012986842193640769,
      0.00023395170865114778,
      0.0007954473840072751,
      0.02278880402445793
    ],
    [
      0.00015259877545759082,
      0.00025408275541849434,
      0.0007231652271002531,
      0.0225435271859169
    ],
    [
      0.00012347033771220595,
      0.00025114562595263124,
      0.0007590996101498604,
      0.024797216057777405
    ],
    [
      0.00013732214574702084,
      0.00026168712065555155,
      0.0007839382742531598,
      0.02316914312541485
    ],
    [
      0.00013248318282421678,
      0.00028040618053637445,
      0.000856084399856627,
      0.022609131410717964
    ],
    [
      0.00013154720363672823,
      0.0002549766795709729,
      0.0008998013800010085,
      0.02336275391280651
    ],
    [
      0.0001400222536176443,
      0.00024087989004328847,
      0.0007167895091697574,
      0.023810481652617455
    ],
    [
      0.00013202805712353438,
      0.00024361806572414935,
      0.0008787467959336936,
      0.026893828064203262
    ]
  ],
  "256": [
    [
      0.00014862968237139285,
      0.00025949362316168845,
      0.0007997704669833183,
      0.02480279467999935
    ],
    [
      0.00013896205928176641,
      0.00028058135649189353,
      0.0009011032525449991,
      0.023531602695584297
    ],
    [
      0.00013905766536481678,
      0.0002511338097974658,
      0.0007570965681225061,
      0.022725507616996765
    ],
    [
      0.00013059255434200168,
      0.00025710160844027996,
      0.0008290773257613182,
      0.02346835657954216
    ],
    [
      0.00013557003694586456,
      0.0002458638045936823,
      0.0008506898302584887,
      0.023006834089756012
    ],
    [
      0.00014253678091336042,
      0.0002487229066900909,
      0.0008248700760304928,
      0.02593870460987091
    ],
    [
      0.0001434280857210979,
      0.000255105784162879,
      0.000789347686804831,
      0.024799097329378128
    ],
    [
      0.0001406382507411763,
      0.0002589586074464023,
      0.0008226468926295638,
      0.022829275578260422
    ],
    [
      0.0001343748444924131,
      0.00024230916460510343,
      0.0007819173624739051,
      0.023947112262248993
    ],
    [
      0.0001388102537021041,
      0.00026813801378011703,
      0.0008025963325053453,
      0.024317188188433647
    ]
  ],
  "512": [
    [
      0.00013840767496731132,
      0.00025450479006394744,
      0.000777380249928683,
      0.024097181856632233
    ],
    [
      0.00014139345148578286,
      0.0002610436058603227,
      0.0008259235764853656,
      0.024278610944747925
    ],
    [
      0.00012989211245439947,
      0.00027898361440747976,
      0.0009267297573387623,
      0.02474372833967209
    ],
    [
      0.00014504400314763188,
      0.00025767256738618016,
      0.0008302865317091346,
      0.024589380249381065
    ],
    [
      0.0001397078885929659,
      0.0002659910242073238,
      0.0007845538202673197,
      0.024092134088277817
    ],
    [
      0.00013588614820037037,
      0.00025506821111775935,
      0.0008002955000847578,
      0.02271108701825142
    ],
    [
      0.00012782876729033887,
      0.0002370159636484459,
      0.0008081485284492373,
      0.024584971368312836
    ],
    [
      0.00013601226964965463,
      0.00025049198302440345,
      0.0008545996388420463,
      0.023898418992757797
    ],
    [
      0.00014810488210059702,
      0.0002626254572533071,
      0.000774369400460273,
      0.023561988025903702
    ],
    [
      0.00013003437197767198,
      0.000248993921559304,
      0.0007460100459866226,
      0.02471308410167694
    ]
  ],
  "1024": [
    [
      0.00013976925401948392,
      0.0002593718527350575,
      0.0008586046751588583,
      0.024025272578001022
    ],
    [
      0.00013610953465104103,
      0.0002623496111482382,
      0.0008308381075039506,
      0.02474694885313511
    ],
    [
      0.00013206951553002,
      0.00024095505068544298,
      0.0007844591164030135,
      0.024427112191915512
    ],
    [
      0.0001317968126386404,
      0.0002463498094584793,
      0.000827906362246722,
      0.02511933445930481
    ],
    [
      0.0001368792582070455,
      0.00024910172214731574,
      0.0007350493688136339,
      0.024635331705212593
    ],
    [
      0.00013880038750357926,
      0.0002523078001104295,
      0.000813351827673614,
      0.024234328418970108
    ],
    [
      0.00013653960195370018,
      0.00025344669120386243,
      0.0008204964105971158,
      0.02399442344903946
    ],
    [
      0.00013581698294728994,
      0.0002483175485394895,
      0.0007934226305224001,
      0.024584786966443062
    ],
    [
      0.0001392488193232566,
      0.00025568081764504313,
      0.0007872122805565596,
      0.024217750877141953
    ],
    [
      0.00012622942449525,
      0.0002375638869125396,
      0.000775107357185334,
      0.02490038052201271
    ]
  ],
  "2048": [
    [
      0.00013586384011432528,
      0.0002561545406933874,
      0.0008042887784540653,
      0.024164075031876564
    ],
    [
      0.00013857042358722538,
      0.0002493798383511603,
      0.0008008471922948956,
      0.024268394336104393
    ],
    [
      0.00013833103002980351,
      0.00025541335344314575,
      0.0008390377042815089,
      0.02438466250896454
    ],
    [
      0.00013570243027061224,
      0.00025111029390245676,
      0.0008083679713308811,
      0.024805644527077675
    ],
    [
      0.00013697959366254508,
      0.0002576081024017185,
      0.0008227381040342152,
      0.024537866935133934
    ],
    [
      0.00013464476796798408,
      0.0002501163980923593,
      0.000815899227745831,
      0.024318357929587364
    ],
    [
      0.00013473581930156797,
      0.00025232223561033607,
      0.0008217314025387168,
      0.024321947246789932
    ],
    [
      0.00013416216825135052,
      0.00024861167185008526,
      0.0008019242668524384,
      0.02423703297972679
    ],
    [
      0.00013603465049527586,
      0.0002510707709006965,
      0.0008027852745726705,
      0.023662107065320015
    ],
    [
      0.000137370137963444,
      0.0002565199974924326,
      0.0007999204099178314,
      0.024297431111335754
    ]
  ],